BEL-254 Artmotion,63039474d76e53e43403d08c
BEL-261 Artmotion,630395720d831ebe2d74cbd1
BEL-262 Artmotion,63064334ff035f503a720f7a
BEL-286 Artmotion,63039474d76e53e43403d08e
BEL-411 ASTARTA SUV,630395690d831ebe2d74c7b9
All Terrain T/A KO2,6303953d0d831ebe2d74b1a9
G-Force Stud,63039486d76e53e43403d1f8
G-Force Winter 2,630395080d831ebe2d74a001
Mud Terrain T/A KM3,630394eb0d831ebe2d749779
Urban Terrain T/A,630394fa0d831ebe2d749bbe
Alenza 001,630395260d831ebe2d74a85c
Blizzak DM-V2,630395000d831ebe2d749e4b
Blizzak DM-V3,6303951e0d831ebe2d74a5e0
Blizzak DM-Z3,630395000d831ebe2d749e39
Blizzak Ice,630395230d831ebe2d74a797
Blizzak LM005,630395570d831ebe2d74beaf
Blizzak Revo-2,6303956a0d831ebe2d74c88d
Blizzak Revo-GZ,6303951a0d831ebe2d74a442
Blizzak RFT (SR02FZ),630395320d831ebe2d74ac9b
Blizzak Spike-01,6303954a0d831ebe2d74b826
Blizzak Spike-02,6303951c0d831ebe2d74a510
Blizzak Spike-02 SUV,630395080d831ebe2d749ffa
Blizzak VRX,6303951e0d831ebe2d74a5df
Blizzak W995,6303956e0d831ebe2d74ca2a
Dueler A/T 001,630395350d831ebe2d74ae2d
Dueler A/T 693IV,630395420d831ebe2d74b417
Dueler A/T 693V,630395420d831ebe2d74b418
Dueler H/L 33,6303956c0d831ebe2d74c953
Dueler H/L Alenza,630395580d831ebe2d74bf7e
Dueler H/P Sport,630395320d831ebe2d74ac9c
Dueler H/T 684II,630395610d831ebe2d74c39d
Dueler M/T 674,6303954a0d831ebe2d74b824
Ecopia EP150,630395230d831ebe2d74a799
Ecopia EP300,630395260d831ebe2d74a85a
Ecopia EP850,630395340d831ebe2d74ad65
Ice Cruiser 7000S,6303950f0d831ebe2d74a1d7
Potenza Adrenalin RE003,6303956c0d831ebe2d74c954
Potenza Adrenalin RE004,630395380d831ebe2d74af2e
Potenza RE031,630395610d831ebe2d74c39a
Potenza RE050,630395610d831ebe2d74c399
Potenza RE050A,630395570d831ebe2d74beae
Potenza S001,6303954d0d831ebe2d74b9c6
Potenza Sport,630395380d831ebe2d74af30
Turanza ER30,630395610d831ebe2d74c39b
Turanza ER300,630395400d831ebe2d74b345
Turanza ER300 I,6303954a0d831ebe2d74b825
Turanza ER33,6303954d0d831ebe2d74b9c4
Turanza ER42,6303954d0d831ebe2d74b9c5
Turanza T001,6303952a0d831ebe2d74a947
Turanza T005,630395150d831ebe2d74a283
AllSeasonContact,630394de0d831ebe2d749361
4X4 Contact,630394cc0d831ebe2d7490cf
CrossContact ATR,630394e90d831ebe2d7496ce
ContiCrossContact LX 2,630394e90d831ebe2d7496cd
CrossContact LX Sport,630394eb0d831ebe2d749777
CrossContact UHP,630394d00d831ebe2d749254
ContiPremiumContact 5,630394e00d831ebe2d749424
ContiSportContact 3,630394e90d831ebe2d7496cc
ContiSportContact 5,63039493d76e53e43403d3b0
ContiSportContact 5 SUV,630394d00d831ebe2d749253
ContiSportContact 5P,630394cc0d831ebe2d7490c4
ContiSportContact 5P SUV,630394e90d831ebe2d7496cf
ContiVanContact 100,630395620d831ebe2d74c46a
Viking Contact 6 SUV,630395000d831ebe2d749e48
Viking Contact 7,6303951a0d831ebe2d74a43f
WinterContact TS 860,630395550d831ebe2d74bddd
WinterContact TS 860S,6303956e0d831ebe2d74ca30
ContiWinterContact TS830P,630395510d831ebe2d74bb7d
EcoContact 6,63039487d76e53e43403d2a8
IceContact 2 KD,6303952c0d831ebe2d74aa1b
IceContact 2 SUV KD,630395080d831ebe2d749ffc
IceContact 3,6303950f0d831ebe2d74a1cd
PremiumContact 6,63039474d76e53e43403d087
SportContact 6,630394e50d831ebe2d74950c
SportContact 7,630394ce0d831ebe2d749174
UltraContact,630394cc0d831ebe2d7490ca
VanContact Ice SD,6303951a0d831ebe2d74a43e
VanContact Viking,630395230d831ebe2d74a79b
Cross Road,630394ce0d831ebe2d74916a
Expedition,63039474d76e53e43403d091
Transporter,630395340d831ebe2d74ad69
All Terrain OA-1,630395230d831ebe2d74a796
Business (CA-1),6303950f0d831ebe2d74a1c7
Business (CA-2),630395340d831ebe2d74ad68
Business CW-2,630395150d831ebe2d74a288
Comfort 2,630395210d831ebe2d74a6bc
Comfort 2 SUV,6303951e0d831ebe2d74a5de
Off Road OS-501,63039487d76e53e43403d2a2
Off Road 2,63039486d76e53e43403d1f7
Road Runner PS-1,630bb071cbca2ab317321ca3
Snow Cross (PW-2),630395150d831ebe2d74a284
Snow Cross 2,6303952a0d831ebe2d74a944
Snow Cross 2 SUV,6303953a0d831ebe2d74aff5
Sport 2 PS-501,630395340d831ebe2d74ad66
Sport 3 PS-2,63039486d76e53e43403d1f5
PERFORMPRO,630395720d831ebe2d74cbcb
ULTIMA ICE,630395150d831ebe2d74a281
ULTIMA SPORT,630395720d831ebe2d74cbcd
UTILITYPRO,630395720d831ebe2d74cbcc
Direzza DZ102,630395080d831ebe2d74a000
Grandtrek AT20,6303954f0d831ebe2d74ba8f
Grandtrek AT5,630395670d831ebe2d74c6eb
Quattromaxx,630395000d831ebe2d749e44
SP Sport Maxx 050,null
SP Sport Maxx RT,630395000d831ebe2d749e3f
Winter Ice 02,6303956e0d831ebe2d74ca2c
Winter Maxx WM01,630395080d831ebe2d749ffe
Winter Maxx WM02,630395080d831ebe2d749fff
Ziex ZE914A Ecorun,63039486d76e53e43403d1fa
Energy,63039474d76e53e43403d08b
Nord Frost 200 ID,630395340d831ebe2d74ad6b
Nord Frost 200 SUV ID,6303951c0d831ebe2d74a50e
Nord Frost VAN 2 SD,6303951e0d831ebe2d74a5e4
Soft Frost 200,6303951c0d831ebe2d74a513
Soft Frost 200 SUV,6303952c0d831ebe2d74aa1a
Cargo Ultra Grip,630395610d831ebe2d74c39c
Cargo Vector 2,630394e90d831ebe2d7496c9
Eagle F1 Asymmetric,630394e00d831ebe2d749428
Eagle F1 Asymmetric 2,630394e00d831ebe2d749422
Eagle F1 Asymmetric 2 SUV,630394f40d831ebe2d749a1b
Eagle F1 Asymmetric 3,63039493d76e53e43403d3b4
Eagle F1 Asymmetric 3 SUV,630394ce0d831ebe2d749172
Eagle F1 Asymmetric 5,63039487d76e53e43403d2af
Eagle F1 Asymmetric 6,630394de0d831ebe2d749360
Eagle F1 Asymmetric SUV,630394ce0d831ebe2d749175
Eagle F1 Asymmetric SUV AT,630394ce0d831ebe2d749175
Eagle F1 Supersport,630394d00d831ebe2d74924d
Eagle F1 Supersport R,630394fe0d831ebe2d749d6a
Eagle LS-2,630395020d831ebe2d749edb
Eagle NCT5,630394e90d831ebe2d7496c8
Eagle RS-A,630395000d831ebe2d749e40
Eagle Sport SUV TZ,630394cc0d831ebe2d7490c5
Eagle Sport TZ,63039487d76e53e43403d2a6
Eagle Touring,63039485d76e53e43403d1ef
Efficientgrip,630394de0d831ebe2d74935f
Efficientgrip 2 SUV,630394cc0d831ebe2d7490cc
Efficientgrip Compact,6303955f0d831ebe2d74c2b9
Efficientgrip Performance,6303947bd76e53e43403d0e3
Efficientgrip Performance 2,630394cc0d831ebe2d7490c6
Efficientgrip SUV,630394d00d831ebe2d749251
G90,630394e70d831ebe2d7495e4
Ultra Grip 600,630395260d831ebe2d74a858
Ultra Grip 8,6303956c0d831ebe2d74c950
Ultra Grip 8 Performance,6303954d0d831ebe2d74b9c3
Ultra Grip 9,630395640d831ebe2d74c53b
Ultra Grip Arctic 2,6303951a0d831ebe2d74a43d
Ultra Grip Arctic 2 SUV,6303950f0d831ebe2d74a1d6
Ultra Grip Ice 2,6303952e0d831ebe2d74aaf5
Ultra Grip Ice 2+,6303952e0d831ebe2d74aaf5
Ultra Grip Ice Arctic D-Stud,6303951c0d831ebe2d74a50c
Ultra Grip Ice Arctic SUV D-Stud,630395300d831ebe2d74abbb
Ultra Grip Ice SUV,6303951c0d831ebe2d74a50f
Ultra Grip Ice SUV G1,630395620d831ebe2d74c466
Ultra Grip Ice SUV Gen-1,630395620d831ebe2d74c466
Ultra Grip Performance 2,630395510d831ebe2d74bb7e
Ultra Grip Performance G1,6303956c0d831ebe2d74c951
Ultra Grip Performance SUV,630395720d831ebe2d74cbca
Ultra Grip Performance+,630395660d831ebe2d74c61e
Ultra Grip Performance + SUV,630bb700cbca2ab317321cb6
Vector 4Seasons Gen-2,63067c84ff035f503a72100c
Vector 4Seasons Gen-3,63067b27ff035f503a720fa3
Vector 4Seasons SUV Gen-2,630394fe0d831ebe2d749d69
Wrangler AT ADV,63039487d76e53e43403d2b1
Wrangler HP(All Weather),630394e50d831ebe2d74950a
Journey-X,63039474d76e53e43403d090
QUEST-X,6303947bd76e53e43403d0db
Season Master,630394f40d831ebe2d749a20
Superange-X,630395380d831ebe2d74af2f
Dynapro AT-M RF10,6303947bd76e53e43403d0da
Dynapro AT2 RF11,6303947bd76e53e43403d0de
Dynapro HP RA23,630394ce0d831ebe2d74916d
Dynapro HP2 RA33,6303947bd76e53e43403d0dc
Dynapro HP2 RA33D,6303947bd76e53e43403d0dc
Dynapro I*cept RW08,630395300d831ebe2d74abbc
Dynapro MT RT03,63039493d76e53e43403d3b5
Dynapro MT2 RT05,63039493d76e53e43403d3ac
I*Pike RW11,6303951a0d831ebe2d74a441
Kinergy 4S2 H750,6303947bd76e53e43403d0e4
Kinergy 4S2 X H750A,630394cc0d831ebe2d7490c8
Kinergy Eco K425,63039493d76e53e43403d3af
Kinergy Eco 2 K435,63039474d76e53e43403d081
Optimo K415,630394fc0d831ebe2d749c94
Optimo K715,63039487d76e53e43403d2a5
Optimo MEO2 K424,63039474d76e53e43403d07b
Radial RA08,6303955d0d831ebe2d74c1ed
Radial RA10,6303954d0d831ebe2d74b9c8
Vantra LT RA18,6303947bd76e53e43403d0df
VanTRa ST AS2  RA30,630394cc0d831ebe2d7490c7
Ventus Prime 2 K115,63039474d76e53e43403d08a
Ventus Prime 3 K125,63039474d76e53e43403d07d
Ventus Prime 3 K125A,63039474d76e53e43403d07d
Ventus R-S3 Z222,63068439ff035f503a72102c
Ventus R-S4 Z232,630683fbff035f503a721028
Ventus S1 Evo K107,6303947bd76e53e43403d0e1
Ventus S1 Evo 2 K117,6303947bd76e53e43403d0e8
Ventus S1 Evo 2 K117B,6303947bd76e53e43403d0e8
Ventus S1 Evo 2 SUV K117A,630394f40d831ebe2d749a1c
Ventus S1 Evo 2 SUV K117C,630394f40d831ebe2d749a1c
Ventus S1 Evo 3 K127,630394d00d831ebe2d74924b
Ventus S1 Evo 3 K127A,630394d00d831ebe2d74924b
Ventus S1 Evo 3 K127B (RFT),630394d00d831ebe2d74924b
Ventus S1 Evo 3 K127C,630394d00d831ebe2d74924b
Ventus ST RH06,630395080d831ebe2d749ff8
Ventus V12 Evo2 K120,6303947bd76e53e43403d0dd
Winter I*cept Evo2 W320,6303954f0d831ebe2d74ba93
Winter I*cept Evo2 SUV W320A,630395320d831ebe2d74ac99
Winter I*cept Evo3 W330,6303952e0d831ebe2d74aaf6
Winter I*cept iZ W606,6303950d0d831ebe2d74a0ef
Winter I*cept iZ2 W616,6303951a0d831ebe2d74a440
Winter I*cept RS2 W452,630395300d831ebe2d74abbd
Winter i*cept X RW10,630395260d831ebe2d74a85d
Winter I*Pike W409,630395210d831ebe2d74a6ba
Winter I*Pike LT RW09,6303951c0d831ebe2d74a512
Winter I*Pike LV RW15,6303952e0d831ebe2d74aaf9
Winter I*Pike RS W419,630395430d831ebe2d74b4db
Winter I*Pike RS2 W429,6303950f0d831ebe2d74a1d8
Winter I*Pike X W429A,6303950d0d831ebe2d74a0eb
Winter RW06,6303952c0d831ebe2d74aa1c
Zovac HP W401,6303954f0d831ebe2d74ba91
HK-520 Kama-Euro,null
Kama И-520 Пилигрим,630394d00d831ebe2d749250
Breeze-132,6303955b0d831ebe2d74c119
Euro-131,6303950f0d831ebe2d74a1ce
Kama-518 Euro,6303956a0d831ebe2d74c885
Kama-520 Euro LCV,6303956a0d831ebe2d74c88b
Kama Flame,630394d00d831ebe2d74924f
KAMA GRANT (HK-241),630395720d831ebe2d74cbd0
Kama-221,630395340d831ebe2d74ad64
НК-241 (КАМА 365),6303953c0d831ebe2d74b0ca
Kama-503,6303955f0d831ebe2d74c2b8
Kama-505 Ирбис,6303956a0d831ebe2d74c886
Kama-515,6303956a0d831ebe2d74c887
Power Grip KC11,6303954b0d831ebe2d74b8f1
Road Venture AT61,6303956e0d831ebe2d74ca32
Road Venture MT KL71,6303956c0d831ebe2d74c955
Winter Craft Ice WI31,6303955b0d831ebe2d74c115
Winter Craft SUV Ice WS31,6303954f0d831ebe2d74ba8e
Winter Craft WP51,630395550d831ebe2d74bdde
G-Fit AS (LH41),630394e70d831ebe2d7495e5
G-Fit EQ (LK41),630394e90d831ebe2d7496c7
G-Fit EQ+ (LK41+),630394f60d831ebe2d749ad5
iFIT (LW31),630395350d831ebe2d74ae2e
iFIT ICE (LW71),630395150d831ebe2d74a282
iFIT IZ (LW51),6303950d0d831ebe2d74a0ec
iFIT VAN (LY31),6303953d0d831ebe2d74b1ac
S-Fit AS (LH01),63039487d76e53e43403d2ac
S-Fit EQ (LK01),630394cc0d831ebe2d7490ce
S-Fit EQ (LK01+),630394f40d831ebe2d749a1e
X-Fit AT (LC01),63039474d76e53e43403d092
X-Fit HT (LD01),63039485d76e53e43403d1ec
X-Fit Van (LV01),630394e90d831ebe2d7496cb
Z-Fit EQ (LK03),63039486d76e53e43403d1f6
MP30 Sibir Ice 2 ED,630bb127cbca2ab317321ca6
MP30 Sibir Ice 2 SUV ED,630395170d831ebe2d74a344
MP47 Hectorra 3,63039485d76e53e43403d1eb
MP47 Hectorra 3 SUV,630bb386cbca2ab317321cb0
MP72 Izzarda A/T 2,630394e90d831ebe2d7496d0
MP82 Conquerra 2,630395020d831ebe2d749ede
MP92 Sibir Snow,630395080d831ebe2d749ffd
MPS125 VariantAW,6303951e0d831ebe2d74a5e3
MPS500 Sibir Ice Van SD,630395150d831ebe2d74a28a
AT771 Bravo,63039474d76e53e43403d085
AT811 Razr,630394de0d831ebe2d749362
AT980 Bravo,6303956c0d831ebe2d74c952
AT980 E Worm-Drive,63039486d76e53e43403d1f4
CV01 Escapade CUV,630395000d831ebe2d749e41
HP-M3 Bravo,63039474d76e53e43403d089
HP5 Premitra5,63039474d76e53e43403d086
HT770 Bravo,63039487d76e53e43403d2a4
M36 Victra,null
M36+ Victra,630394d00d831ebe2d749255
M8060 Trepador,630394fa0d831ebe2d749bbf
M8080 Mudzilla,630395080d831ebe2d749ff7
MA-SPW Presa Spike,630395690d831ebe2d74c7ba
MA-SLW Presa Spike LT,630395690d831ebe2d74c7ba
MA-W2,63039474d76e53e43403d08f
MA-Z1 Victra,63039474d76e53e43403d07e
MA-Z3 Victra,63039474d76e53e43403d07c
MA-Z4S Victra,63039487d76e53e43403d2a3
MCV3+ Vansmart,63039493d76e53e43403d3ab
MP10 Pragmatra,63039485d76e53e43403d1f0
MP15 Pragmatra,63039474d76e53e43403d084
MT762 Bighorn,6303954b0d831ebe2d74b8f4
MT764 Bighorn,6303947bd76e53e43403d0e5
NP3 Arctic Trekker,630395000d831ebe2d749e45
NP5 Premitra Ice Nord,6303950d0d831ebe2d74a0ed
NS3 Arctic Trekker,630395000d831ebe2d749e3b
NS5 Premitra Ice Nord,6303955d0d831ebe2d74c1f1
S-PRO,63039487d76e53e43403d2a1
SP-02 Arctic Trekker,6303955f0d831ebe2d74c2b6
SP3 Premitra Ice,6303955d0d831ebe2d74c1f0
SS-01 Presa SUV,630395000d831ebe2d749e3a
UE 168 Bravo,6303956e0d831ebe2d74ca2d
VS01 Victra Sport Zero One,630394fa0d831ebe2d749bbc
VS5 SUV Victra Sport 5,63039486d76e53e43403d1f3
VS5 Victra Sport 5,63039487d76e53e43403d2b0
ice LEOPARD SUV,630395230d831ebe2d74a795
Snow Leopard,630395420d831ebe2d74b415
Snow Leopard 2,6303950d0d831ebe2d74a0ee
4x4 Diamaris,630394e90d831ebe2d7496c4
Agilis 3,630394e50d831ebe2d74950d
Agilis Alpin,630394f40d831ebe2d749a1a
Agilis X-Ice North,630395340d831ebe2d74ad6a
Agilis+,630394f60d831ebe2d749ad7
Crossclimate+,630394e00d831ebe2d749427
Crossclimate 2,630394cc0d831ebe2d7490c9
Crossclimate SUV,630394ce0d831ebe2d749171
Energy Saver,6303955b0d831ebe2d74c114
Energy XM2+,630394d00d831ebe2d74924c
Latitude Cross,630394cc0d831ebe2d7490c3
Latitude Sport,630394ce0d831ebe2d74916b
Latitude Sport 3,630394ce0d831ebe2d74916c
Latitude Tour,630395020d831ebe2d749eda
Latitude Tour HP,630394ce0d831ebe2d74916f
Latitude X-Ice 2,630394e90d831ebe2d7496c5
Latitude X-Ice North 2+,630395000d831ebe2d749e49
Pilot Alpin 4,630394fa0d831ebe2d749bc0
Pilot Alpin 5,630394eb0d831ebe2d74977b
Pilot Alpin 5 SUV,630394f00d831ebe2d74987a
Pilot Sport 2,630394d00d831ebe2d749252
Pilot Sport 3,630394e00d831ebe2d749423
Pilot Sport 4,63039493d76e53e43403d3b1
Pilot Sport 4 SUV,63039485d76e53e43403d1ed
Pilot Sport 4S,630394eb0d831ebe2d749778
Pilot Sport 5,63039486d76e53e43403d1f9
Pilot Sport A/S 3,630395570d831ebe2d74beb1
Pilot Sport Cup 2,630394fe0d831ebe2d749d68
Pilot Super Sport,630394f60d831ebe2d749ad8
Primacy 3,630394cc0d831ebe2d7490cd
Primacy 4,630394ce0d831ebe2d749170
Primacy 4+,63039487d76e53e43403d2ab
X-Ice 3,63039487d76e53e43403d2a7
X-Ice North 2(XIN2),630394f60d831ebe2d749ad6
X-Ice North 3,6303956a0d831ebe2d74c88c
X-Ice North 4,63039474d76e53e43403d093
X-Ice North 4 SUV,63039474d76e53e43403d088
X-Ice Snow,63039487d76e53e43403d2a9
X-Ice Snow SUV,63039487d76e53e43403d2aa
N'Blue HD Plus,630bb95ecbca2ab317321cb9
N'Fera RU1,630395080d831ebe2d74a002
Roadian HP,6303956e0d831ebe2d74ca2e
Winguard Ice Plus,6303956e0d831ebe2d74ca31
Winguard Ice SUV,630395700d831ebe2d74cae7
Winguard Snow'G WH2,6303956e0d831ebe2d74ca2b
Winguard Winspike SUV,6303955d0d831ebe2d74c1ee
Winguard Winspike WH62,6303952e0d831ebe2d74aaf7
Winguard Winspike WS62,6303955d0d831ebe2d74c1ef
Neogen,630395620d831ebe2d74c467
NT421Q,630394eb0d831ebe2d749775
NT830,630395020d831ebe2d749edc
Therma Spike,630394fa0d831ebe2d749bbd
Hakka Black 2,6303951e0d831ebe2d74a5e1
Hakka Black 2 SUV,6303952e0d831ebe2d74aaf8
Hakka Blue 2,630bb265cbca2ab317321cad
Hakka Blue 2 SUV,630395340d831ebe2d74ad67
Hakka Blue 3,6303951e0d831ebe2d74a5e5
Hakka Blue 3 SUV,6303951e0d831ebe2d74a5e2
Hakka Green 3,6303950f0d831ebe2d74a1d0
Hakka Van,630395260d831ebe2d74a859
Hakkapeliitta 10p,630395170d831ebe2d74a348
Hakkapeliitta 10p SUV,630395150d831ebe2d74a28d
Hakkapeliitta 8,630395450d831ebe2d74b5b7
Hakkapeliitta 8 SUV,6303954b0d831ebe2d74b8f2
Hakkapeliitta 9,6303950f0d831ebe2d74a1d1
Hakkapeliitta 9 SUV,6303950f0d831ebe2d74a1d9
Hakkapeliitta CR3,6303955f0d831ebe2d74c2b7
Hakkapeliitta CR4,6303953a0d831ebe2d74aff3
Hakkapeliitta LT3,630395230d831ebe2d74a794
Hakkapeliitta R2,630395260d831ebe2d74a85b
Hakkapeliitta R2 SUV,630395000d831ebe2d749e3c
Hakkapeliitta R3,6303950f0d831ebe2d74a1d2
Hakkapeliitta R3 SUV,630395170d831ebe2d74a347
Hakkapeliitta R5,6303951e0d831ebe2d74a5e6
Hakkapeliitta R5 SUV,6303951a0d831ebe2d74a43c
Nordman 5,630395690d831ebe2d74c7bb
Nordman 5 SUV,6303956a0d831ebe2d74c889
Nordman 7,6303950f0d831ebe2d74a1ca
Nordman 7 SUV,6303950f0d831ebe2d74a1c8
Nordman 8,6303950f0d831ebe2d74a1cb
Nordman 8 SUV,6303950f0d831ebe2d74a1d4
Nordman C,630395150d831ebe2d74a285
Nordman RS2,6303950f0d831ebe2d74a1cc
Nordman RS2 SUV,630395150d831ebe2d74a28b
Nordman S2 SUV,630394e70d831ebe2d7495e6
Nordman SC,630395170d831ebe2d74a345
Nordman SX3,6303951c0d831ebe2d74a50d
Nordman SZ 2,630395210d831ebe2d74a6bb
Outpost AT,6303950f0d831ebe2d74a1d3
Rockproof,6303953d0d831ebe2d74b1aa
Rotiiva AT,6303955b0d831ebe2d74c117
WR D4,630395450d831ebe2d74b5b9
WR Snowproof P,630395570d831ebe2d74beb0
Cinturato All Season SF2,630394cc0d831ebe2d7490cb
Cinturato P1 Verde,6303947bd76e53e43403d0e6
Cinturato P7,630394ce0d831ebe2d749176
Cinturato P7 new,630394ce0d831ebe2d749173
Ice Zero,630395000d831ebe2d749e4a
Ice Zero 2,630395150d831ebe2d74a28c
Ice Zero Friction,630395150d831ebe2d74a289
P Zero,630394e90d831ebe2d7496ca
P-Zero Luxury Saloon,630394e00d831ebe2d749426
P Zero Luxury Saloon,630394e00d831ebe2d749426
P Zero Rosso,6303956a0d831ebe2d74c88a
P-Zero Sports Car,630395340d831ebe2d74ad63
P-Zero Sports Car (PZ4),630395340d831ebe2d74ad6e
Powergy,63039474d76e53e43403d08d
Scorpion,630394d00d831ebe2d74924e
Scorpion ATR,630395000d831ebe2d749e47
Scorpion Ice Zero 2,630395150d831ebe2d74a286
Scorpion Verde,63039493d76e53e43403d3ae
Scorpion Verde All-Season,6303947bd76e53e43403d0e0
Scorpion Winter,630395400d831ebe2d74b344
Scorpion Zero,630394e90d831ebe2d7496c6
Scorpion Zero All Season,630394e00d831ebe2d749421
Winter Sottozero Serie III,630395080d831ebe2d749ffb
Winter Sottozero Serie II,630395620d831ebe2d74c46b
Atrezzo 4 Seasons,6303956e0d831ebe2d74ca2f
Atrezzo Eco,630394e00d831ebe2d749425
Atrezzo Elite,63039474d76e53e43403d07a
Atrezzo SVR LX,63039493d76e53e43403d3b3
Atrezzo ZSR,63039474d76e53e43403d080
Atrezzo ZSR SUV,6303947bd76e53e43403d0e2
Commercio 4 SEASONS,630395720d831ebe2d74cbcf
Commercio VX1,630395000d831ebe2d749e4c
Endure WSL1,630395460d831ebe2d74b688
Ice Blazer Alpine Evo 1,6303955a0d831ebe2d74c049
Ice Blazer Arctic,630395720d831ebe2d74cbce
Ice Blazer Arctic EVO,6303955f0d831ebe2d74c2b5
Ice Blazer WST1,630395170d831ebe2d74a346
Ice Blazer WST2,630395460d831ebe2d74b689
Ice Blazer WST3,6303950f0d831ebe2d74a1d5
Terramax A/T,6303947bd76e53e43403d0e7
Terramax CVR,63039485d76e53e43403d1ee
Terramax H/T,630394eb0d831ebe2d749776
Terramax M/T,630394de0d831ebe2d74935c
Winterpro SW61,630395080d831ebe2d74a003
Eskimo Ice,6303953a0d831ebe2d74aff4
Eskimo Stud H-Stud,6303950f0d831ebe2d74a1c9
Intensa SUV,630395000d831ebe2d749e43
Intensa SUV 2,6303950f0d831ebe2d74a1c6
Intensa UHP 2,630395020d831ebe2d749edd
Trenta,6303956a0d831ebe2d74c888
Trenta M+S,630395000d831ebe2d749e3d
All Season,630395700d831ebe2d74cae8
Cargo Speed,630bb1c7cbca2ab317321caa
Cargo Speed Winter,630394ce0d831ebe2d749169
Ice,63039487d76e53e43403d2ad
Sigura Stud,630395000d831ebe2d749e3e
Summer SUV,630394f40d831ebe2d749a1f
SUV Ice,63039487d76e53e43403d2ae
High Performance,630bb491cbca2ab317321cb3
Ultra High Perfomance,630394eb0d831ebe2d74977a
Winter,630394f40d831ebe2d749a1d
Observe G3-Ice(OBG3S),630395000d831ebe2d749e46
Observe Garit Giz(OBGIZ),630395510d831ebe2d74bb7c
Nordway,6303954f0d831ebe2d74ba92
Nordway 2,630395260d831ebe2d74a85e
Zodiak 2 PS-7,630395210d831ebe2d74a6b9
Bosco H/T V-238,630395320d831ebe2d74ac9a
Bosco Nordico V-523,6303951c0d831ebe2d74a511
Brina Nordico V-522,6303950f0d831ebe2d74a1cf
Strada Asimmetrico V-130,6303952a0d831ebe2d74a946
Vettore Inverno V-524,630395430d831ebe2d74b4da
VSA66 Alpinisma A/T,63039474d76e53e43403d095
VSC18,63039474d76e53e43403d07f
VSH10 Expedite,63039474d76e53e43403d082
VSP06 Harmonic,63039474d76e53e43403d083
VSP07,6303950f0d831ebe2d74a1c5
VSU01 SPORTmacro,63039474d76e53e43403d094
Advan dB V552,630395400d831ebe2d74b346
Advan Fleva V701,630395480d831ebe2d74b757
Advan Sport V103S,6303953d0d831ebe2d74b1ab
Advan Sport V105S,6303954d0d831ebe2d74b9c7
Bluearth-A AE50,630395340d831ebe2d74ad6d
Bluearth-A AE51B,630395300d831ebe2d74abbe
BluEarth ES32,630395230d831ebe2d74a798
Bluearth-A AE51,6303952a0d831ebe2d74a948
Bluearth-A AE61,6303952a0d831ebe2d74a945
E70,630395450d831ebe2d74b5b8
E70BZ,630395230d831ebe2d74a79a
Geolandar A/T G015,630395340d831ebe2d74ad6c
Geolandar G058,6303953a0d831ebe2d74aff6
Geolandar H/T G056,630395620d831ebe2d74c469
Geolandar  I/T-S G073,6303954b0d831ebe2d74b8f3
IceGuard G075,630395080d831ebe2d749ff9
Ice Guard 35 Plus(IG35+),630395550d831ebe2d74bddf
Ice Guard 50+(IG50+),6303953f0d831ebe2d74b279
Ice Guard 55(IG55),6303954f0d831ebe2d74ba90
Ice Guard 60 (IG60),630394d00d831ebe2d749256
Ice Guard 60A (IG60A),630395660d831ebe2d74c61d
Ice Guard 65(IG65),630395380d831ebe2d74af2d
Parada Spec-X PA02,6303954b0d831ebe2d74b8f5
W.Drive V905,630395670d831ebe2d74c6ec
W.Drive WY01,630395640d831ebe2d74c53c
ULTIMA ICE SUV,6349405a844e602b26161926
VWS31,6349424a844e602b26161929
SP5 SUV Premitra ice,63963160fd0896a528c36933
Ice Blazer Arctic SUV,63963235fd0896a528c36939
VWP12 Winter Cross,639633fafd0896a528c36944
VWC33 Winter Force,6396349ffd0896a528c36974
VWS31 Winter-max S1,639634e5fd0896a528c36977
SP5 Premitra ice,639635dbfd0896a528c3697a
ContiSportContact 2,6396367cfd0896a528c3697d
Snow Leopard Van,6396371afd0896a528c36988